{"cameraMode":{"drawMode":0,"name":"Shaded","section":"Shading Mode"},"sceneLighting":true,"audioPlay":false,"sceneViewState":{"showFog":true,"showMaterialUpdate":false,"showSkybox":true,"showFlares":true,"showImageEffects":true,"showParticleSystems":true},"in2DMode":false,"pivot":{"x":-10.593254089355469,"y":-5.241628646850586,"z":-4.3515625},"rotation":{"x":0.02467653527855873,"y":-0.25158101320266726,"z":0.00641672732308507,"w":0.9675014615058899},"size":25.956518173217775,"orthographic":true}